idx,parent_category_id,text,active,created_at,deleted_at,criteria,park_id,user_type
1,25,보도의 횡단 기울기는 1.15°(1/50) 이하인가요?,1,2024-02-04 14:53:39.554344+00,,보도,3,1
2,25,보도의 종단 기울기(진행방향 기울기)는 3.18°(1/18) 이하인가요?,1,2024-02-04 14:53:39.554344+00,,보도,3,1
3,25,보도는 최소 2m이상의 유효 보도폭을 확보했나요? (불가피한 경우 1.5m까지 가능),1,2024-02-04 14:53:39.554344+00,,보도,3,1
4,25,유효 보도폭 3m 이상 보도에는 300mm 보행 기준선이 설치되었나요?,1,2024-02-04 14:53:39.554344+00,,보도,3,1
5,25,포장재의 색채는 무채색 또 재료 자체의 색을 사용하였나요?,1,2024-02-04 14:53:39.554344+00,,보도,3,1
6,25,보도 위 맨홀 덮개의 표면 재료는 보도 포장 재료와 동일하게 처리되었나요?,1,2024-02-04 14:53:39.554344+00,,보도,3,1
7,25,마감재 포장의 이음새 틈이 없이 적정하게 시공되었나요?,1,2024-02-04 14:53:39.554344+00,,보도,3,1
8,25,"보행공간에는 비상벨, 가로등, 조명 등의 계획과 설치가 이루어졌나요?",1,2024-02-04 14:53:39.554344+00,,보도,3,1
9,25,진행방향으로 종횡단 기울기가 동시에 발생하는 구간은 없나요??,1,2024-02-04 14:53:39.554344+00,,보도,3,1
10,26,보도블록은 사각형의 형태를 원칙으로 했나요?,1,2024-02-04 14:53:39.554344+00,,보도블럭,3,1
11,26,보도블록 흩뿌리기 강조색은 2가지 색 이내인가요?,1,2024-02-04 14:53:39.554344+00,,보도블럭,3,1
12,27,보도블록과의 결합부위에 틈이 생기지 않도록 정밀하게 설치했나요?,1,2024-02-04 14:53:39.554344+00,,점자블록,3,1
13,27,점형블록 설치 시 경계석 및 볼라드 전면에 300mm 이격 거리를 두고 설치되었나요?,1,2024-02-04 14:53:39.554344+00,,점자블록,3,1
14,27,"횡단보도 설치 시, 연석에 밀착하여 설치했나요?",1,2024-02-04 14:53:39.554344+00,,점자블록,3,1
15,27,통행에 장애를 주지 않도록 보도면과 동일한 높이로 설치되었나요?,1,2024-02-04 14:53:39.554344+00,,점자블록,3,1
16,27,선형블록 좌우 900mm 내에는 보행장애물이 없도록 했나요?,1,2024-02-04 14:53:39.554344+00,,점자블록,3,1
17,27,점자블록 위에 별도의 색채를 도색하지 않았나요?,1,2024-02-04 14:53:39.554344+00,,점자블록,3,1
18,28,볼라드 설치 간격은 1.5m인가요?,1,2024-02-04 14:53:39.554344+00,,볼라드,3,1
19,28,"볼라드의 규격은 높이 0.8m ~ 1.0m, 지름은 100~150mm인가요?",1,2024-02-04 14:53:39.554344+00,,볼라드,3,1
20,28,"반사시트, 반사체 등 적용시 20mm ~ 30mm 폭으로 1~2줄, 흰색으로 표시되었나요?",1,2024-02-04 14:53:39.554344+00,,볼라드,3,1
21,28,보도가 경사면인 경우에도 볼라드는 수직 설치했나요?,1,2024-02-04 14:53:39.554344+00,,볼라드,3,1
22,28,볼라드의 형태는 원통형 기본구조를 원칙으로 했나요?,1,2024-02-04 14:53:39.554344+00,,볼라드,3,1
23,28,보행자 안전을 고려하여 외피는 탄성 재료로 마감했나요?,1,2024-02-04 14:53:39.554344+00,,볼라드,3,1
24,28,원색 및 고채도의 색채사용을 금지했나요?,1,2024-02-04 14:53:39.554344+00,,보호펜스,3,1
25,29,"보호펜스는 높이 1.1m, 1경간(지지대간 단위 거리) 당 2m 내외 범위로 설치되었나요?",1,2024-02-04 14:53:39.554344+00,,보호펜스,3,1
26,29,횡단금지나 출입금지 목적은 세로살로 디자인했나요?,1,2024-02-04 14:53:39.554344+00,,보호펜스,3,1
27,29,개방감 있는 선적 형태로 했나요?,1,2024-02-04 14:53:39.554344+00,,보호펜스,3,1
28,29,원색 및 고채도의 색채사용을 금지했나요?,1,2024-02-04 14:53:39.554344+00,,보호펜스,3,1
29,30,시설물 구역 또는 공개공지 등 보행을 방해하지 않는 위치에 설치되었나요?,1,2024-02-04 14:53:39.554344+00,,배전함 및 제어기,3,1
30,30,하단부 기초 콘크리트가 돌출되지 않도록 설치되었나요?,1,2024-02-04 14:53:39.554344+00,,배전함 및 제어기,3,1
31,30,지상변압기 외부에 그래픽요소 표현 금지가 지켜졌나요?,1,2024-02-04 14:53:39.554344+00,,배전함 및 제어기,3,1
32,31,시설물구역 또는 공개공지의 녹지 등 보행에 방해되지 않는 위치에 설치되었나요?,1,2024-02-04 14:53:39.554344+00,,교통신호제어기,3,1
33,32,충전기와 차량간 휠체어 통행 및 회전이 가능한가요?.,1,2024-02-04 14:53:39.554344+00,,전기차 충전소,3,1
34,33,유효 보도폭 2m 이하 보도인 경우 가로수 식재 금지가 지켜졌나요?,1,2024-02-04 14:53:39.554344+00,,가로수,3,1
35,34,"보행 구역은 지면으로부터 2.5m높이 내에 안내 사인, 가로수 등 장애물이 없나요?",1,2024-02-04 14:53:39.554344+00,,기타,3,1
36,34,"가로판매대, 관광안내소는 보도 폭 4m 이상 확보된 곳에 설치되었나요?",1,2024-02-04 14:53:39.554344+00,,기타,3,1
37,35,횡단보도 턱 낮춤 구간을 제외한 대기공간의 유효폭은 1.2m 이상 확보했나요?,1,2024-02-04 14:53:39.554344+00,,횡단보도(보도),3,1
38,35,"횡단보도 턱 낮춤 기울기는 3.18°(1/18)  이하, 측면경사 4.76°(1/12) 이하인가요?",1,2024-02-04 14:53:39.554344+00,,횡단보도(보도),3,1
39,35,횡단거리가 긴 횡단보도는 차도와 같은 높이의 교통섬으로 조성되어있나요?,1,2024-02-04 14:53:39.554344+00,,횡단보도(보도),3,1
40,35,횡단보도 주변에 교통 시야 확보를 위한 가로수 식재 금지가 지켜졌나요?,1,2024-02-04 14:53:39.554344+00,,횡단보도(보도),3,1
41,35,횡단보도구간은 전체 턱 낮춤으로 설치되었나요?,1,2024-02-04 14:53:39.554344+00,,횡단보도(보도),3,1
42,36,"교통신호기는 횡단보도 대기공간에 위치하여, 차량을 위한 신호와 보행자를 위한 신호가 같은 위치에 설치되었나요?",1,2024-02-04 14:53:39.554344+00,,횡단보도(신호기),3,1
43,36,교통신호 잔여시간을 숫자와 기호로 병기하고 있나요?,1,2024-02-04 14:53:39.554344+00,,횡단보도(신호기),3,1
44,36,"음향신호기는 녹색신호로 바뀔 때 음향으로 안내를 하며, 녹색신호가 켜져 있는 동안에는 계속 균일한 신호음으로 안내하나요?",1,2024-02-04 14:53:39.554344+00,,횡단보도(신호기),3,1
45,37,자전거-보행자 겸용도로는 유효 보도폭 최소 2m 확보했나요?,1,2024-02-04 14:53:39.554344+00,,자전거도로(도로),3,1
46,37,자전거도로폭 1.5m 이상을 확보했나요?,1,2024-02-04 14:53:39.554344+00,,자전거도로(도로),3,1
47,37,"자전거와 차량, 자전거와 보행자간 상충구간의 횡단시설 이전 20m 구간에 암적색으로 포장색채를 구분했나요?",1,2024-02-04 14:53:39.554344+00,,자전거도로(도로),3,1
48,37,자전거전용도로와 차도 사이에는 500mm 이상의 완충녹지를 설치했나요?,1,2024-02-04 14:53:39.554344+00,,자전거도로(도로),3,1
49,37,자전거 전용 도로(보도 높이형)와 보행 안전구역의 영역은 명확하게 구분되었는가요?,1,2024-02-04 14:53:39.554344+00,,자전거도로(도로),3,1
50,37,보행자 안전 확보지역(교통약자보호 구역 등)에 차량 주행속도 저감을 위한 시설이 설치 되었는가요?,1,2024-02-04 14:53:39.554344+00,,자전거도로(도로),3,1
51,37,자전거도로 시/종점부와 횡단도 접속 보도는 전체 턱낮춤으로 설치되었나요?,1,2024-02-04 14:53:39.554344+00,,자전거도로(도로),3,1
52,38,"노면의 요철을 최소화하고 보행가로에 준하는 평탄도를 유지하나요? (보행가로 횡단=1.15°(1/50) , 종단 = 3.18°(1/18))",1,2024-02-04 14:53:39.554344+00,,자전거도로(표면),3,1
53,38,자전거도로 표장 색채는 포장재료 고유색상을 그대로 사용했나요?,1,2024-02-04 14:53:39.554344+00,,자전거도로(표면),3,1
54,39,편리한 자전거 이용을 위해 자전거주차장 및 각종 설비를 갖추고 있나요?,1,2024-02-04 14:53:39.554344+00,,자전거도로(기타),3,1
55,39,보행자 횡단보도의 측면에 자전거 횡단보도를 표식하여 연결했나요?,1,2024-02-04 14:53:39.554344+00,,자전거도로(기타),3,1
56,40,교통표지판 지주 전후 5m 이내에 표지판을 가리는 시설물의 설치 금지가 지켜졌나요?,1,2024-02-04 14:53:39.554344+00,,자동차도로,3,1
57,40,"차량이동 및 차량진입구역 마감면에 대한 이질적 재료가 사용되었나요? ",1,2024-02-04 14:53:39.554344+00,,자동차도로,3,1
58,40,"보행자 안전  확보지역(교통약자보호 구역 등)에 차량 주행속도 저감을 위한 시설이 설치 되었나요? ",1,2024-02-04 14:53:39.554344+00,,자동차도로,3,1
59,41,지하보도의 폭은 6m 이상인가요?,1,2024-02-04 14:53:39.554344+00,,지하보도,3,1
60,41,"채광, 환기, 연기 배출을 위해 지하도상가 면적의 2/100이상 천창 설치가 되었나요?",1,2024-02-04 14:53:39.554344+00,,지하보도,3,1
61,41,지하도 출입시설의 출입구 너비는 2m 이상을 확보했나요?,1,2024-02-04 14:53:39.554344+00,,지하보도,3,1
62,41,지하도상가 출입구가 보도에 설치된 경우 보도폭 2m 이상을 확보했나요?,1,2024-02-04 14:53:39.554344+00,,지하보도,3,1
63,42,고가도로 하부 공간과 보행로가 연결되었나요?,1,2024-02-04 14:53:39.554344+00,,고가도로하부,3,1
64,43,광장 주출입구 수평접근 기울기는 1.15°(1/50) 이하인가요?,1,2024-02-04 14:53:39.554344+00,,주출입구,3,1
65,43,광장 주출입구는 유효폭 1.8m 이상 확보했나요?,1,2024-02-04 14:53:39.554344+00,,주출입구,3,1
66,43,"화장실 접근과 이용 등에 대한 표식이 설치되었나요? ",1,2024-02-04 14:53:39.554344+00,,실외공간,3,1
67,43,"안내정보가 사용자 특성을 반영하여 우회정보 및 다국어 등의 제공이 가능하도록 설치되었나요? ",1,2024-02-04 14:53:39.554344+00,,주출입구,3,1
68,44,친수공간의 산책로는 수풀 또는 하천으로부터 3m 이상 거리를 확보했나요?,1,2024-02-04 14:53:39.554344+00,,친수공간,3,1
69,44,"지형의 단차 발생시 산책로는 완만한 경사로 적용하며, 시각 장애인이 돌아가지 않도록 계단을 병행 설치했나요?",1,2024-02-04 14:53:39.554344+00,,친수공간,3,1
70,44,수변공간 산책로에는 보행등을 설치하고 CCTV 또는 비상벨을 설치했나요?,1,2024-02-04 14:53:39.554344+00,,친수공간,3,1
71,45,공원 내 통행동선은 계단과 급경사가 없도록 평탄하게 계획되었나요?,1,2024-02-04 14:53:39.554344+00,,소공원,3,1
72,45,공원 내 관목의 높이는 500~ 750mm 를 만족하나요?,1,2024-02-04 14:53:39.554344+00,,소공원,3,1
73,46,이용자 접근성을 고려해 무단차로 계획되었나요?,1,2024-02-04 14:53:39.554344+00,,실내공간,3,1
74,46,주출입구에서 인지하기 쉬운 위치에 안내데스크가 위치하나요?,1,2024-02-04 14:53:39.554344+00,,실내공간,3,1
75,46,안내사인은 진로결정 지점에 설치되었나요?,1,2024-02-04 14:53:39.554344+00,,실내공간,3,1
76,47,"안전한 보행을 위하여 바닥마감의 레벨은 종단 2.39°(1/24), 횡단1.15°(1/50)  이하인가요?",1,2024-02-04 14:53:39.554344+00,,실외공간,3,1
77,47,공공건축물과 식재간 간격은 1.5m 이상 이격되었나요?,1,2024-02-04 14:53:39.554344+00,,실외공간,3,1
78,47,펜스는 투시가 가능한 형태 및 세로살 형태 적용을 원칙으로 했나요?,1,2024-02-04 14:53:39.554344+00,,실외공간,3,1
79,47,"화장실 접근과 이용 등에 대한 표식이 설치되었나요? ",1,2024-02-04 14:53:39.554344+00,,실외공간,3,1
80,47,"사회적 교통 약자들을 위한 점진적 접근방식의 고려와 점자블록 및 안전·안내시설의 설치가 이루어졌나요? ",1,2024-02-04 14:53:39.554344+00,,실외공간,3,1
81,47,"안내정보가 사용자  특성을 반영하여 우회정보 및 다국어 등의 제공이 가능하도록 설치되었나요? ",1,2024-02-04 14:53:39.554344+00,,실외공간,3,1
82,48,모든 보행접근로는 보행자와 차량 동선이 완전히 분리되었나요?,1,2024-02-04 14:53:39.554344+00,,접근공간(보행로),3,1
83,48,보행접근로를 가로지르는 배수로가 없나요?,1,2024-02-04 14:53:39.554344+00,,접근공간(보행로),3,1
84,49,경사로에 인접하여 계단을 병행 설치하였나요?,1,2024-02-04 14:53:39.554344+00,,이동공간(계단),3,1
85,49,계단의 형태는 직선 또는 꺾임형인가요?,1,2024-02-04 14:53:39.554344+00,,이동공간(계단),3,1
86,49,계단을 오르는 사람의 발과 지팡이 등이 빠지지 않도록 챌면을 설치했나요?,1,2024-02-04 14:53:39.554344+00,,이동공간(계단),3,1
87,49,"디딤판 너비는 28cm 이상, 챌면 높이는 18cm 이하인가요? (어린이와 노인 등의 이용이 많은 경우 디딤판 너비는 30cm 이상, 챌면 높이는 16cm이하)",1,2024-02-04 14:53:39.554344+00,,이동공간(계단),3,1
88,49,"디딤판, 챌면, 계단코는 쉽게 식별할 수 있도록 바닥포장재의 색상, 명도, 채도, 질감 등을 달리하고 있나요?",1,2024-02-04 14:53:39.554344+00,,이동공간(계단),3,1
89,50,주차공간과 보행로의 높이 차이를 두었나요?,1,2024-02-04 14:53:39.554344+00,,옥외주차장,3,1
90,50,"차량 이동통로, 주차공간, 보행로의 재료 차별을 통한 영역 구분이 되었나요?",1,2024-02-04 14:53:39.554344+00,,옥외주차장,3,1
91,51,옹벽 높이 5m마다 폭 1m 이상의 화단이 설치되었나요?,1,2024-02-04 14:53:39.554344+00,,도로변 석축 및 옹벽,3,1
92,51,"높이 3m 이하 옹벽 설치시, 그 전면에 폭 1m 이상의 화단 또는 식재가 설치되었나요?",1,2024-02-04 14:53:39.554344+00,,도로변 석축 및 옹벽,3,1
93,52,방음벽 높이는 바닥기단? 500mm를 포함해 6m 이하인가요?,1,2024-02-04 14:53:39.554344+00,,방음벽,3,1
94,52,투명 방음판인 경우 폴리카보네이트를 사용하지 않고 강화유리로 설치되었나요?,1,2024-02-04 14:53:39.554344+00,,방음벽,3,1
95,53,1m 내외의 일정한 높이로 좌우 분리를 명확히 하나요?,1,2024-02-04 14:53:39.554344+00,,중앙분리대,3,1
96,54,모든 보행접근로는 보행자와 차량 동선의 공간을 분할하였는가요?,1,2024-02-04 14:53:39.554344+00,,육교,3,1
97,54,"유아차, 휠체어, 자전거 이동을 위한 엘리베이터가 설치되었나요?",1,2024-02-04 14:53:39.554344+00,,육교,3,1
98,54,난간의 높이는 1m 이상으로 하고 간격 100mm 이내 세로살로 디자인되었나요?,1,2024-02-04 14:53:39.554344+00,,육교,3,1
99,54,"바닥면은 잘 미끄러지지 않는 재질로 평탄하며, 충격을 흡수하고 울림이 적은 마감재로 사용되었나요?",1,2024-02-04 14:53:39.554344+00,,육교,3,1
100,54,보행접근로가 동일한 레벨로 되었나요?,1,2024-02-04 14:53:39.554344+00,,육교,3,1
101,54,문자안내와 안내판은 외국인 등의 방문을 고려하여 외국어를 표기하거나 픽토그램 등이 활용되고 있나요?,1,2024-02-04 14:53:39.554344+00,,육교,3,1
102,54,안전성을 고려하여 계단의 측면에는 2단 손잡이를 연속 설치하였나요?,1,2024-02-04 14:53:39.554344+00,,육교,3,1
103,55,"가로등 지주는 2단, 3단 구조를 지양하고, 상부로 갈수록 폭이 좁아지는 원기둥 구조를 적용했나요?",1,2024-02-04 14:53:39.554344+00,,가로등,3,1
104,55,기초 결합부는 지면 하부로 매입하였나요?,1,2024-02-04 14:53:39.554344+00,,가로등,3,1
105,55,가로등 등기구는 컷오프 기능을 포함했나요?,1,2024-02-04 14:53:39.554344+00,,가로등,3,1
106,55,도시의 배경이 되도록 저채도 저명도 색채를 사용했나요?,1,2024-02-04 14:53:39.554344+00,,가로등,3,1
107,55,가로등 기둥에 부착하는 안내표지는 2개 이내인가요?,1,2024-02-04 14:53:39.554344+00,,가로등,3,1
108,56,보행로 맨홀 덮개는 보행로의 마감높이와 동일한 높이인가요?,1,2024-02-04 14:53:39.554344+00,,맨홀,3,1
109,57,"보행자 신발굽 및 유아차, 휠체어 바퀴 등이 빠지지 않도록 마감되었나요?",1,2024-02-04 14:53:39.554344+00,,트렌치,3,1
110,58,승차대 지붕은 우천 및 적설을 대비하여 5° 이상 경사가 적용되었나요?,1,2024-02-04 14:53:39.554344+00,,버스 승차대,3,1
111,58,승차대 천장면의 폭은 1.4m 이내인가요?,1,2024-02-04 14:53:39.554344+00,,버스 승차대,3,1
112,58,"버스승차대를 설치하는 보도와 차도의 높이차는 15cm 이하로 하며, 연석은 보도면과 동일한 높이인가요?",1,2024-02-04 14:53:39.554344+00,,버스 승차대,3,1
113,58,승차 대기공간의 상부 높이는 2.5m 이상을 확보하였나요?,1,2024-02-04 14:53:39.554344+00,,버스 승차대,3,1
114,58,"승차 대기공간의 지지부를 중심으로 1.0m 이내에 벤치, 안내판, 버스정보안내시스템 등의 편의 시설을 설치하였나요?",1,2024-02-04 14:53:39.554344+00,,버스 승차대,3,1
115,58,"야간 안전 확보를 위해 적절한 밝기의 조명을 설치하되, 효율을 위해 LED 조명을 설치하였나요?",1,2024-02-04 14:53:39.554344+00,,버스 승차대,3,1
116,58,"상업중심가로 등 보행자가 많고 보도폭 확보가 필요한 경우, 버스승차대의 벽부를 도로방향으로 설치되었나요?",1,2024-02-04 14:53:39.554344+00,,버스 승차대,3,1
117,58,지체장애인과 임산부 등을 위해 수평 손잡이를 설치하였나요?,1,2024-02-04 14:53:39.554344+00,,버스 승차대,3,1
118,58,벽체는 개방성을 가지면서 변색이 없는 강화유리 등 재료를 적용했나요?,1,2024-02-04 14:53:39.554344+00,,버스 승차대,3,1
119,58,광고면은 버스노선도 등 안내판을 보는데 지장을 주지 않는 형태로 설치하였나요?,1,2024-02-04 14:53:39.554344+00,,버스 승차대,3,1
120,58,대기시간의 불편함을 감소시켜줄 벤치 및 외부환경으로부터 보호할 수 있는 캐노피가 설치되었나요?,1,2024-02-04 14:53:39.554344+00,,버스 승차대,3,1
121,58,"일반인 대기 공간과 휠체어 대기 공간을 구분하며, 휠체어 승차장 위치를 표시하였나요?",1,2024-02-04 14:53:39.554344+00,,버스 승차대,3,1
122,58,CCTV가 설치되었나요?,1,2024-02-04 14:53:39.554344+00,,공중화장실,3,1
123,59,"대중교통과 환승되거나 주요시설이 집중되는 곳을 선정하여, 안전한 택시 승차대를 설치하고 설치 위치를 표시하는 안내판을 설치하였나요?",1,2024-02-04 14:53:39.554344+00,,택시 승차대,3,1
124,59,영유아 동반자 등이 승하차하기 쉽도록 보도 등 주변 여건에 따라 차도와의 경계부분을 낮추거나 완만한 경사로를 설치하였나요?,1,2024-02-04 14:53:39.554344+00,,택시 승차대,3,1
125,59,야간에도 사용자가 안심하고 이용할 수 있도록 CCTV를 설치하였나요?,1,2024-02-04 14:53:39.554344+00,,택시 승차대,3,1
126,60,자전거 보관대 사이의 간격은 500mm 이상인가요?,1,2024-02-04 14:53:39.554344+00,,자전거 보관대,3,1
127,60,캐노피를 설치하는 경우 바닥면으로부터 높이 2.2m 이상으로 설치되었나요?,1,2024-02-04 14:53:39.554344+00,,자전거 보관대,3,1
128,61,횡단보도 쉘터 설치시 보행 유효폭 2m를 확보했나요?,1,2024-02-04 14:53:39.554344+00,,횡단보도 쉘터,3,1
129,61,쉘터 천장면 최저 높이는 2.2m가 확보되었나요?,1,2024-02-04 14:53:39.554344+00,,횡단보도 쉘터,3,1
130,62,원색 또는 고채도의 색채 사용을 금지했나요?,1,2024-02-04 14:53:39.554344+00,,신호등,3,1
131,62,지면 결합부는 매립처리하였나요?,1,2024-02-04 14:53:39.554344+00,,신호등,3,1
132,62,"바닥표시 신호등 점멸패널 설치시 무단차로 설치하였나요? ",1,2024-02-04 14:53:39.554344+00,,신호등,3,1
133,63,지하철출입구 설치 시 측면 보행 유효폭을 2m 이상 확보하여 설치했나요?,1,2024-02-04 14:53:39.554344+00,,지하철출입구,3,1
134,63,내부 진입을 하지 않고도 안내가 가능하도록 했나요?,1,2024-02-04 14:53:39.554344+00,,지하철출입구,3,1
135,63,캐노피 벽면에 광고성 조성 및 그래픽요소 부착은 금지했나요?,1,2024-02-04 14:53:39.554344+00,,지하철출입구,3,1
136,63,안내사인 설치 시 캐노피 사용색체와 동일 색채사용을 원칙으로 했나요?,1,2024-02-04 14:53:39.554344+00,,지하철출입구,3,1
137,63,지하철 캐노피 천장에 쉽게 오를 수 없는 구조로 했나요?,1,2024-02-04 14:53:39.554344+00,,지하철출입구,3,1
138,63,벽면 소재의 색채는 투명으로 했나요?,1,2024-02-04 14:53:39.554344+00,,지하철출입구,3,1
139,64,지하철 환기구는 보행로 설치를 금지하고 있나요?,1,2024-02-04 14:53:39.554344+00,,지하철 환기구,3,1
140,64,지상으로 노출되는 돌출형 환기구는 추락사고 방지를 위한 안전난간 또는 가림막을 설치했나요?,1,2024-02-04 14:53:39.554344+00,,지하철 환기구,3,1
141,64,지하철 환기구의 높이는 최소 2m 이상인가요?,1,2024-02-04 14:53:39.554344+00,,지하철 환기구,3,1
142,65,엘리베이터 전면에 1.5m × 1.5m 이상의 활동공간을 확보하고 있나요?,1,2024-02-04 14:53:39.554344+00,,노출 엘리베이터,3,1
143,65,엘리베이터 진입 경사로의 폭은 1.5m 이상을 확보하고 있나요?,1,2024-02-04 14:53:39.554344+00,,노출 엘리베이터,3,1
144,65,엘리베이터 진입 경사로의 기울기는 3.18°(1/18)이하인가요?,1,2024-02-04 14:53:39.554344+00,,노출 엘리베이터,3,1
145,65,"엘리베이터 내부의 유효바닥 면적은 폭 1.6m 이상, 깊이 1.4m 이상을 확보하고 있나요?",1,2024-02-04 14:53:39.554344+00,,노출 엘리베이터,3,1
146,65,"외부 조작 설비의 설치 높이는 0.8m~1.2m, 점자표시(고정식), 조작버튼전면 0.3m 전방에 점형블록 설치하고 있나요?",1,2024-02-04 14:53:39.554344+00,,노출 엘리베이터,3,1
147,66,안내소는 유효 보도폭이 4m 이상인 위치에 설치되었나요?,1,2024-02-04 14:53:39.554344+00,,관광안내소,3,1
148,66,진입 경사각은 3.18°(1/18) 이하인가요?,1,2024-02-04 14:53:39.554344+00,,관광안내소,3,1
149,67,판매대는 유효 보도폭이 4m 이상인 위치에 설치되었나요?,1,2024-02-04 14:53:39.554344+00,,가로판매대,3,1
150,67,전기가설 및 유지관리가 용이한 개방적 공간에 설치되었나요?,1,2024-02-04 14:53:39.554344+00,,가로판매대,3,1
151,68,보행환경에 불편을 주지 않도록 시설물 구역에 설치되었나요?,1,2024-02-04 14:53:39.554344+00,,소화전,3,1
152,68,침수 및 적설에 의한 피해의 우려가 없는 곳에 설치되었나요?,1,2024-02-04 14:53:39.554344+00,,소화전,3,1
153,68,소화 시설을 명확히 인지할 수  있는 붉은 색채를 주조색으로 사용했나요?,1,2024-02-04 14:53:39.554344+00,,소화전,3,1
154,68,설치 위치 주변에 다른 시설물의 설치 금지가 지켜졌나요?,1,2024-02-04 14:53:39.554344+00,,소화전,3,1
155,69,보행에 방해가 되지 않도록 설치되었나요?,1,2024-02-04 14:53:39.554344+00,,벤치,3,1
156,69,벤치의 좌판 높이는 400mm ~ 450mm 내외를 만족하나요? (한국인 신체표준치수 규격),1,2024-02-04 14:53:39.554344+00,,벤치,3,1
157,69,신체와 직접 접촉되는 부위에 금속재료 사용은 금지했나요?,1,2024-02-04 14:53:39.554344+00,,벤치,3,1
158,69,벤치 결합부의 볼트 등이 돌출되지 않도록 설치되었나요?,1,2024-02-04 14:53:39.554344+00,,벤치,3,1
159,69,벤치 재료의 자체색이 표현되었나요?,1,2024-02-04 14:53:39.554344+00,,벤치,3,1
160,70,그늘막 기둥 기초 및 체결부는 지면 아래로 매립되었나요?,1,2024-02-04 14:53:39.554344+00,,그늘막(파고라),3,1
161,70,그늘막과 벤치는 함께 설치되었나요?,1,2024-02-04 14:53:39.554344+00,,그늘막(파고라),3,1
162,70,보행 유효폭을 침범하지 않으면서 무단차로 파고라가 설치되어 있나요?,1,2024-02-04 14:53:39.554344+00,,그늘막(파고라),3,1
163,71,기초 결합부는 지면 아래로 매립되었나요?,1,2024-02-04 14:53:39.554344+00,,CCTV,3,1
164,71,비상벨과 통합 설치되었나요?,1,2024-02-04 14:53:39.554344+00,,보안등,3,1
165,72,"다른 시설물과 통합설치(비상벨, 야간감시를 위한 조명 연계 등) 되었나요?",1,2024-02-04 14:53:39.554344+00,,CCTV,3,1
166,72,기초 결합부는 지면 아래로 매립되었나요?,1,2024-02-04 14:53:39.554344+00,,CCTV,3,1
167,73,휴게시설물 인접설치시 900mm 이상 거리를 확보했나요?,1,2024-02-04 14:53:39.554344+00,,휴지통,3,1
168,73,바닥 마감처리부는 볼트 등이 노출되지 않도록 정밀하게 설치되었나요?,1,2024-02-04 14:53:39.554344+00,,휴지통,3,1
169,74,공중화장실은 유효 보도폭이 4m 이상인 위치에 설치되었나요?,1,2024-02-04 14:53:39.554344+00,,공중화장실,3,1
170,74,진입부와 출입구 주변에 조명이 설치되었나요?,1,2024-02-04 14:53:39.554344+00,,공중화장실,3,1
171,74,CCTV가 설치되었나요?,1,2024-02-04 14:53:39.554344+00,,공중화장실,3,1
172,74,출입구 폭은 800mm~1000mm이상을 확보했나요?,1,2024-02-04 14:53:39.554344+00,,공중화장실,3,1
173,75,주변과 구분되는 음수대 배수면을 설치했나요?,1,2024-02-04 14:53:39.554344+00,,음수대,3,1
174,75,주변 보도와 음수대 배수면은 무단차로 연결되었나요?,1,2024-02-04 14:53:39.554344+00,,음수대,3,1
175,75,휠체어 사용자 접근이 가능한 구조인가요?,1,2024-02-04 14:53:39.554344+00,,음수대,3,1
176,75,배수면 바닥은 미끄럼 방지 재료를 사용했나요?,1,2024-02-04 14:53:39.554344+00,,음수대,3,1
177,76,유효 보도폭 3m 이상의 보도에 설치되었나요?,1,2024-02-04 14:53:39.554344+00,,가로수 화분대,3,1
178,76,"공간의 포장 부위에 배식을 하거나, 수목의 적정 생육토심 확보, 또는 높이차 극복을 위하여 녹지를의 확보가 필요한 곳에 설치되었나요?",1,2024-02-04 14:53:39.554344+00,,가로수 화분대,3,1
179,76,공간에 맞는 형태와 규모를 고려하여 보행에 방해가 되지 않도록 계획했나요?,1,2024-02-04 14:53:39.554344+00,,가로수 화분대,3,1
180,76,"연속적으로 설치되는 가로선상이나, 공간의 이미지가 연속성 및 통일성을 가질 수 있도록 디자인되었나요?",1,2024-02-04 14:53:39.554344+00,,가로수 화분대,3,1
181,76,주변 공공시설물과 기능의 통합을 고려하여 설치되었나요?,1,2024-02-04 14:53:39.554344+00,,가로수 화분대,3,1
182,77,보행보조기구나 여성의 구두 굽이 덮개부 틈에 끼어 불편을 초래하지 않도록 계획되었나요?,1,2024-02-04 14:53:39.554344+00,,가로수 보호덮개,3,1
183,77,가로수 보호덮개의 상부면 높이는 보도와 동일하게 설치했나요?,1,2024-02-04 14:53:39.554344+00,,가로수 보호덮개,3,1
184,77,가로수 보호 덮개와 맞닿는 보도블록과의 조화를 고려한 형태로 설계되었나요?,1,2024-02-04 14:53:39.554344+00,,가로수 보호덮개,3,1
185,77,불필요한 장식요소를 최소화하고 관리 및 청소의 용이성을 고려하여 단순한 구조로 디자인되었나요?,1,2024-02-04 14:53:39.554344+00,,가로수 보호덮개,3,1
186,77,수목의 종류에 따라 덮개부 크기를 조절하고 수목 성장에 따라 쉽게 교체가 가능하도록 디자인되었나요?,1,2024-02-04 14:53:39.554344+00,,가로수 보호덮개,3,1
187,78,주의 사인은 지면으로부터 1m 이상의 높이로 설치되었나요?,1,2024-02-04 14:53:39.554344+00,,주의/규제/단속,3,1
188,78,가로수 및 다른 표지와의 일정간격을 유지하고 있나요?,1,2024-02-04 14:53:39.554344+00,,주의/규제/단속,3,1
189,79,숫자의 너비는 시인성을 고려해 차로폭의 1/3 이하로 표기되었나요?,1,2024-02-04 14:53:39.554344+00,,노면,3,1
190,80,시설안내표지는 보행자용과 운전자용으로 구분하여 설치되었나요?,1,2024-02-04 14:53:39.554344+00,,공공기관/시설 안내,3,1
191,81,"어린이보호구역 시점부와 주출입구, 주횡단보도 전방에 노면표시를 했나요?",1,2024-02-04 14:53:39.554344+00,,어린이 보호구역,3,1
192,82,여성 우선 주차공간은 범죄 사각지대가 아닌 곳에 배치되었는가요?,1,2024-02-04 14:53:39.554344+00,,주차장,3,1
193,82,보행자 통행이나 시야를 방해하지 않는 위치 및 높이에 설치되었나요?,1,2024-02-04 14:53:39.554344+00,,주차장,3,1
194,82,"장애인전용 주차구역 표지는 바닥과 출입통로에 표시하고, 휠체어 활동공간도 함께 표시하였나요?",1,2024-02-04 14:53:39.554344+00,,주차장,3,1
195,82,"여성, 임산부, 장애인주차구역은 차도와 분리된 보행안전통로를 확보했나요?",1,2024-02-04 14:53:39.554344+00,,주차장,3,1
196,83,차량 정차시 안전거리 확보가 되었나요?,1,2024-02-04 14:53:39.554344+00,,"신호기(차량, 보행 등)",3,1
197,83,장애인을 위한 음향신호기가 설치되었나요?,1,2024-02-04 14:53:39.554344+00,,"신호기(차량, 보행 등)",3,1
198,84,지주형 안내표지는 승하차 지점에서 1m 이내에 설치되었나요?,1,2024-02-04 14:53:39.554344+00,,"버스정류장 표지, 안내",3,1
199,84,버스노선 안내도는 종보의 중심이 지면으로부터 1.5m 내외로 설치되었나요?,1,2024-02-04 14:53:39.554344+00,,"버스정류장 표지, 안내",3,1
200,84,버스 정류장 표지에 정류장 명칭을 한글과 영문을 병기했나요?,1,2024-02-04 14:53:39.554344+00,,"버스정류장 표지, 안내",3,1
201,85,보도폭이 2m 이상인 경우에 장애인/노약자를 위한 승차대가 설치되었나요?,1,2024-02-04 14:53:39.554344+00,,장애인/노약자 안내(두리발),3,1
202,85,"보도폭이 2m 이하인 경우, 폴사인이 설치되었나요?",1,2024-02-04 14:53:39.554344+00,,장애인/노약자 안내(두리발),3,1
203,85,승차대 및 폴사인 설치 시 주변 보행로에 방향전화의 점자블록과 승하차 구간의 유도블록을 함께 설치했나요?,1,2024-02-04 14:53:39.554344+00,,장애인/노약자 안내(두리발),3,1
204,85,폴사인에는 시각장애인을 위한 음향안내기가 함께 설치되었나요?,1,2024-02-04 14:53:39.554344+00,,장애인/노약자 안내(두리발),3,1
205,85,노면에 휠체어 승하차구간임을 알 수 있는 표시가 되어있나요?,1,2024-02-04 14:53:39.554344+00,,장애인/노약자 안내(두리발),3,1
206,85,"색각이상자, 저시력자, 고령자를 위해 명시성이 높은 대비색채를 사용했나요?",1,2024-02-04 14:53:39.554344+00,,장애인/노약자 안내(두리발),3,1
207,86,보행 유효폭을 침범하지 않으면서 안내시설물이 설치되어 있나요? ,1,2024-02-04 14:53:39.554344+00,,보행자 안내,3,1
208,86,"보행유효폭이 2m 이상 확보되는 경우, 보행방향과 표지면을 직각이 되게 설치했나요?",1,2024-02-04 14:53:39.554344+00,,보행자 안내,3,1
209,86,안내정보가 적절한 위치에서 제공되고 있나요?,1,2024-02-04 14:53:39.554344+00,,보행자 안내,3,1
210,86,"안내정보의 그림, 서체 등이 누구나 알기 쉽게 제공되고 있나요?",1,2024-02-04 14:53:39.554344+00,,보행자 안내,3,1
211,86,색각이상자를 고려한 그래픽 디자인으로 구성되어 있나요?,1,2024-02-04 14:53:39.554344+00,,보행자 안내,3,1
212,86,사용자 특성을 반영하여 우회 정보 및 다국어 등을 제공하고 있나요?,1,2024-02-04 14:53:39.554344+00,,보행자 안내,3,1
213,86,다양한 장애요소를 고려한 디자인이 반영되어 있나요?,1,2024-02-04 14:53:39.554344+00,,보행자 안내,3,1
214,87,유효 보도폭 4m 이상 경우에만 설치 되었나요?,1,2024-02-04 14:53:39.554344+00,,관광안내/매표,3,1
215,87,진입 경사각은 1.15°(1/50) 이상을 확보했나요?,1,2024-02-04 14:53:39.554344+00,,관광안내/매표,3,1
216,87,"편의시설 활용과 관련하여 통합적 안내시스템이 구축되었는가요? ",1,2024-02-04 14:53:39.554344+00,,관광안내/매표,3,1
217,87,관광안내소(부스형은 주변 환경과 조화되는 색채를 사용했나요?,1,2024-02-04 14:53:39.554344+00,,관광안내/매표,3,1
218,88,사회적 교통 약자들을 위한 점진적 접근방식의 고려와 점자블록 및 안전·안내시설의 설치가 이루어졌는가?,1,2024-02-04 14:53:39.554344+00,,장애인 유도/안내 사인,3,1
277,98,보행로는 시설물이나 차량진입로 등으로 인해 단절되지 않고 접근하기 편리한가요?,1,2024-02-04 15:58:47.094382+00,,접근성,3,2
278,98,보행로는 보행이동 동선 상에 마감재 포장 등으로 인한 단차가 없이 이동하기 편안한가요?,1,2024-02-04 15:58:47.094382+00,,이동성,3,2
279,98,보행로는 안전하고 편안하게 통행할 수 있나요?,1,2024-02-04 15:58:47.094382+00,,안전성,3,2
280,98,"보행구역은 마감재 색상, 질감 등으로 명확하게 구분되었나요?",1,2024-02-04 15:58:47.094382+00,,정보제공성,3,2
281,98,보행로는 사회적 교통약자(휠체어) 및 장애인을 위한 시설(점자블록)이 적절하게 설치되었나요?,1,2024-02-04 15:58:47.094382+00,,포용성,3,2
282,98,보행로는 심미적으로 주변 환경과 조화를 이루도록 디자인 되었나요?,1,2024-02-04 15:58:47.094382+00,,심미성,3,2
283,99,자전거도로 탑승 주행자가 편리하게 자전거 도로로 진출입 할 수 있도록 설치되었나요?,1,2024-02-04 15:58:47.094382+00,,접근성,3,2
284,99,"자전거도로는 자전거 운행을  위한 노면표시, 안전표지, 마감재를 적절히 사용했나요?",1,2024-02-04 15:58:47.094382+00,,이동성,3,2
285,99,자전거도로는 보행자와 자전거의 상충이 없도록 안전하게 설치되었나요?,1,2024-02-04 15:58:47.094382+00,,안전성,3,2
286,99,자전거도로는 자전거 운행을 위한 도로임을 명확하게 알려주나요?,1,2024-02-04 15:58:47.094382+00,,정보제공성,3,2
287,99,편리한 자전거 이용을 위한 자전거주차장 및 각종 시설을 갖추었나요?,1,2024-02-04 15:58:47.094382+00,,포용성,3,2
288,99,자전거도로는 심미적으로 주변 환경과 조화를 이루도록 디자인 되었나요?,1,2024-02-04 15:58:47.094382+00,,심미성,3,2
289,100,차량진출입부는 보도의 높이와 비교시 접근하기에 편리했나요?,1,2024-02-04 15:58:47.094382+00,,접근성,3,2
290,100,"차량이 보도를 통과할 경우, 보행환경은 보행자의 혼란을 최소화해 이동하기에 편리했나요?",1,2024-02-04 15:58:47.094382+00,,이동성,3,2
291,100,"보행자와 차량의 상충이 없도록 노면표시, 안전표지, 마감재 등이 적절하게 설치되었나요?",1,2024-02-04 15:58:47.094382+00,,안전성,3,2
292,100,차량진입/보행 안전과 관련된 시설물은 잘 보이는 위치와 높이에 설치되었나요?,1,2024-02-04 15:58:47.094382+00,,정보제공성,3,2
293,100,차량진입로는 사회적 교통약자(휠체어) 및 장애인이 이동하기에 적절한가요?,1,2024-02-04 15:58:47.094382+00,,포용성,3,2
294,100,차량진입로는 심미적으로 주변 환경과 조화를 이루도록 디자인 되었나요?,1,2024-02-04 15:58:47.094382+00,,심미성,3,2
295,101,횡단보도의 진입부는 위치 확인이 쉽고 접근하기 편리한가요?,1,2024-02-04 15:58:47.094382+00,,접근성,3,2
296,101,"횡단보도는 보행장애물, 파손, 시설물 등에 의해 방해받지 않고 이동하기 편리한가요?",1,2024-02-04 15:58:47.094382+00,,이동성,3,2
297,101,횡단보도는 대기  보행자 보호를 위해 운전자의 눈에 잘 띄면서 차량진입은 불가능한 안전한 구조인가요?,1,2024-02-04 15:58:47.094382+00,,안전성,3,2
298,101,횡단보도 신호등에 시간표시기가 설치되었는가요?,1,2024-02-04 15:58:47.094382+00,,정보제공성,3,2
299,101,횡단보도는 양단 진입부에 점자블록 등 교통약자를 위한 시설을 충분하게 갖추었나요?,1,2024-02-04 15:58:47.094382+00,,포용성,3,2
300,101,횡단보도를 구성하는 시설물과 마감재는 심미적으로 주변 환경과 조화를 이루도록 디자인 되었나요?,1,2024-02-04 15:58:47.094382+00,,심미성,3,2
301,102,광장은 개방성을 확보하고 보행가로 및 주변 건축물에서 접근하기 편리한가요?,1,2024-02-04 15:58:47.094382+00,,접근성,3,2
302,102,광장은 적절한 바닥마감재료의 상태와 장애물 없이 보행자들이 이동하기에 편안한가요?,1,2024-02-04 15:58:47.094382+00,,이동성,3,2
303,102,"광장은 미끄럼, 추락, 경로이탈 등으로 인한 보행의 위험을 방지할 수 있도록 구성되었나요?",1,2024-02-04 15:58:47.094382+00,,안전성,3,2
304,102,"광장은 편의시설 활용과 관련하여 통합적 안내시스템이 구축되었나요? ",1,2024-02-04 15:58:47.094382+00,,정보제공성,3,2
305,102,"광장은 어린이, 노인, 장애인 등의 사회적 약자와 보호자가 함께 이용할 수 있도록 구성되었나요? ",1,2024-02-04 15:58:47.094382+00,,포용성,3,2
306,102,광장은 심미적으로 주변 환경과 조화를 이루도록 디자인 되었나요?,1,2024-02-04 15:58:47.094382+00,,심미성,3,2
307,103,공공건축물은 다양한 교통수단과 연계되어 있고 도로에서 알기 쉽고 접근하기 쉬운가요?,1,2024-02-04 15:58:47.094382+00,,접근성,3,2
308,103,공공건축물은 건축물과 보행로가 단차없이 보행자가 이동하기 편안하게 마감되었나요?,1,2024-02-04 15:58:47.094382+00,,이동성,3,2
309,103,공공건축물의 도로부터 건축물 내부까지 안전하게 이동할 수 있나요?,1,2024-02-04 15:58:47.094382+00,,안전성,3,2
310,103,"공공건축물은 건물 내외부 시설명판, 안내도, 출입구 표지 등을 친절하게 안내하나요?",1,2024-02-04 15:58:47.094382+00,,정보제공성,3,2
311,103,공공건축물은 계단이나 경사로 등 장애인/임산부/노인 등을 위한 정보를 제시하고 있나요?,1,2024-02-04 15:58:47.094382+00,,포용성,3,2
312,103,공공건축물의 외관은 심미적으로 주변 환경과 조화를 이루도록 디자인 되었나요?,1,2024-02-04 15:58:47.094382+00,,심미성,3,2
313,104,건축물의 이동공간은 도로 및 주출입구까지 쉽게 접근할 수 있나요?,1,2024-02-04 15:58:47.094382+00,,접근성,3,2
314,104,건축물의 이동공간은 작은 단차는 물론 계단이나 경사로를 최소화해 이동하기 편리한가요?,1,2024-02-04 15:58:47.094382+00,,이동성,3,2
315,104,"건축물의 보행자 이동공간은 단차 등의 장애물이 없으며, 계단이나 경사로에 손잡이와 같은 시설을 설치해 안전을 확보했나요?",1,2024-02-04 15:58:47.094382+00,,안전성,3,2
316,104,건축물의 문자안내와 안내판은 외국어를 병기하거나 픽토그램 등을  활용해 외국인 등의 방문을 고려하였나요 ?,1,2024-02-04 15:58:47.094382+00,,정보제공성,3,2
317,104,"건축물의 이동공간 내 조작설비는 어린이, 노인, 휠체어사용자, 시각장애인, 외국인 등 누구나 알기 쉽고 조작하기 쉬운 구조인가요?",1,2024-02-04 15:58:47.094382+00,,포용성,3,2
318,104,건축물의 이동공간은 심미적으로 주변 환경과 조화를 이루도록 디자인 되었나요?,1,2024-02-04 15:58:47.094382+00,,심미성,3,2
319,105,"건축물의 계단은 개방성을 확보하고, 이동공간(보행로) 및 주변 건축물에서 접근하기 편리한가요?",1,2024-02-04 15:58:47.094382+00,,접근성,3,2
320,105,건축물 계단은 단차와 깊이는 이동하기 적절한가요?,1,2024-02-04 15:58:47.094382+00,,이동성,3,2
321,105,"건축물 계단은 논슬립 등 미끄럼 방지턱, 손잡이와 같은 보조 수단을 통해 보행자가 안전하게 이동할 수 있나요?",1,2024-02-04 15:58:47.094382+00,,안전성,3,2
322,105,"건축물 계단은 진행방향 목적지, 층(floor) 등 편의 정보를 제공하나요?",1,2024-02-04 15:58:47.094382+00,,정보제공성,3,2
323,105,"건축물 계단은 리프트, 점자블럭, 점자, 자전거 이동 레일 등 누구나 이동하기 편하도록 지원하나요?",1,2024-02-04 15:58:47.094382+00,,포용성,3,2
324,105,건축물의 계단은 심미적으로 주변 환경이나 인테리어와 조화를 이루도록 디자인 되었나요?,1,2024-02-04 15:58:47.094382+00,,심미성,3,2
325,106,가로등의 위치와 간격은 적절하게 유지되고 가로등(보행등)까지 접근하기 편리한가요?,1,2024-02-04 15:58:47.094382+00,,접근성,3,2
326,106,가로등 조명기구는 적절한 조명기구(컷오프) 종류와 높이에 설치되어 야간시 야간이동시 보행자의 시야를 방해하지 않고 이동할 수 있도록 지원하나요?,1,2024-02-04 15:58:47.094382+00,,이동성,3,2
327,106,"가로등은 누전, 파손 등의 위험으로부터 안전하게 관리되고, 방범등과 같은 기능을 제공하고 있나요?",1,2024-02-04 15:58:47.094382+00,,안전성,3,2
328,106,"가로등은 시민들의 편의를 위한 생활정보 적절하게 제공하나요? ",1,2024-02-04 15:58:47.094382+00,,정보제공성,3,2
329,106,가로등은 적절한 밝기를 유지하나요?,1,2024-02-04 15:58:47.094382+00,,포용성,3,2
330,106,가로등은 심미적으로 주변 환경과 조화를 이루도록 디자인 되었나요?,1,2024-02-04 15:58:47.094382+00,,심미성,3,2
331,107,신호등은 보행자 및 횡단보도 대기자가 쉽고 볼 수 있도록 개방성과 시인성이 확보되었나요?,1,2024-02-04 15:58:47.094382+00,,접근성,3,2
332,107,신호등은 보행자가 편안하게 차도를 건널 수 있도록 충분한 시간과  적절한 알람을 제공하나요?,1,2024-02-04 15:58:47.094382+00,,이동성,3,2
333,107,"신호등은 누전, 파손 등의 위험으로부터 안전하게 관리되고 있나요?",1,2024-02-04 15:58:47.094382+00,,안전성,3,2
334,107,"신호등은 주/야간 모두 적절한 시인성을 제공하며, 교행 잔여 시간 또는 다음 신호시 까지 대기 시간과 같은 정보를 잘 제공하나요?",1,2024-02-04 15:58:47.094382+00,,정보제공성,3,2
335,107,"신호등은 청각, 시각, 휠체어 등의 교통약자의 안전을 지원하기 위한 수단을 충분히 제공하나요?",1,2024-02-04 15:58:47.094382+00,,포용성,3,2
336,107,"신호등의 디자인은 직관적이고, 심미적으로 주변 환경과 조화를 이루고 있나요?",1,2024-02-04 15:58:47.094382+00,,심미성,3,2
337,108,보호펜스는 추락과 충돌 등 보행자 보호가 필요한 위치에 설치되었나요?,1,2024-02-04 15:58:47.094382+00,,접근성,3,2
338,108,보호펜스는 보행자 및 자전거 차량의 이동을 효과적으로 방지하고 있나요?,1,2024-02-04 15:58:47.094382+00,,이동성,3,2
339,108,"보호펜스의 지지대와 연결부위는 충격에 견고하게 설치되었으며, 부재의 마감처리는 안전하게 완료되었나요?",1,2024-02-04 15:58:47.094382+00,,안전성,3,2
340,108,"보호펜스는 주/야간 모두 보행자와 운전자가 직관적으로 확인할 수 있도록 시인성을 확보하였나요? ",1,2024-02-04 15:58:47.094382+00,,정보제공성,3,2
341,108,"보호펜스는 아이, 색약, 휠체어 등의 교통약자의 안전을 지원하기 위한 수단을 충분히 고려했나요?",1,2024-02-04 15:58:47.094382+00,,포용성,3,2
342,108,"보호펜스의 디자인은 일관성 있고, 심미적으로 주변 환경과 조화를 이루고 있나요?",1,2024-02-04 15:58:47.094382+00,,심미성,3,2
343,109,버스 승차대는 개방성을 확보하고 보행가로 및 주변 건축물에서 접근하기 편리한가요?,1,2024-02-04 15:58:47.094382+00,,접근성,3,2
344,109,"버스 승차대 주변은 장애물을 최소화하고, 대기중인 승객들이 이동하기에 편안한가요?",1,2024-02-04 15:58:47.094382+00,,이동성,3,2
345,109,"버스 승차대는 미끄럼, 차량 경로이탈 등으로 인한 위험을 방지할 수 있도록 구성되었나요?",1,2024-02-04 15:58:47.094382+00,,안전성,3,2
346,109,"버스 승차대는 버스노선, 운행정보와 관련하여 통합적 안내시스템을 제공하나요? ",1,2024-02-04 15:58:47.094382+00,,정보제공성,3,2
347,109,버스 승차대는 장애인 등의 교통약자의 사용을 지원하기 위한 시설(음성안내 등)을 제공하고 있나요?,1,2024-02-04 15:58:47.094382+00,,포용성,3,2
348,109,버스 승차대는 심미적으로 주변 환경과 조화를 이루도록 디자인 되었나요?,1,2024-02-04 15:58:47.094382+00,,심미성,3,2
349,110,택시 승차대는 개방성을 확보하고 보행가로 및 주변 건축물에서 접근하기 편리한가요?,1,2024-02-04 15:58:47.094382+00,,접근성,3,2
350,110,택시 승차대 주변은 장애물 없이 사용자들이 이동하기에 편안한가요?,1,2024-02-04 15:58:47.094382+00,,이동성,3,2
351,110,"택시 승차대는 미끄럼, 차량 경로이탈 등으로 인한 위험을 방지할 수 있도록 구성되었나요?",1,2024-02-04 15:58:47.094382+00,,안전성,3,2
352,110,"택시 승차대는 시설 활용과 관련하여 통합적 안내시스템을 제공하나요? ",1,2024-02-04 15:58:47.094382+00,,정보제공성,3,2
353,110,택시 승차대는 장애인 등의 교통약자의 사용을 지원하기 위한 시설(음성안내 등)을 제공하고 있나요?,1,2024-02-04 15:58:47.094382+00,,포용성,3,2
354,110,택시 승차대는 심미적으로 주변 환경과 조화를 이루도록 디자인 되었나요?,1,2024-02-04 15:58:47.094382+00,,심미성,3,2
355,111,두리발은 개방성을 확보하고 보행가로 및 주변 건축물에서 접근하기 편리한가요?,1,2024-02-04 15:58:47.094382+00,,접근성,3,2
356,111,두리발 주변은 장애물 없이 휠체어 등의 보조장비 사용자들이 이동하기에 편안한가요?,1,2024-02-04 15:58:47.094382+00,,이동성,3,2
357,111,"두리발은 미끄럼, 경로이탈 등으로 인한 이동의 위험을 방지할 수 있도록 구성되었나요?",1,2024-02-04 15:58:47.094382+00,,안전성,3,2
358,111,"두리발은 시설 활용과 관련하여 통합적 안내시스템을 제공하나요? ",1,2024-02-04 15:58:47.094382+00,,정보제공성,3,2
359,111,두리발은 장애인 등의 교통약자의 사용을 지원하기 위한 편의시설(음성안내 등)을 제공하고 있나요?,1,2024-02-04 15:58:47.094382+00,,포용성,3,2
360,111,두리발은 심미적으로 주변 환경과 조화를 이루도록 디자인 되었나요?,1,2024-02-04 15:58:47.094382+00,,심미성,3,2
361,112,지하철 출입구는 개방성을 확보하고 보행가로 및 주변 건축물에서 접근하기 편리한가요?,1,2024-02-04 15:58:47.094382+00,,접근성,3,2
362,112,지하철 출입구 주변은 장애물을 최소화하고 지하철 탑승을 위한 승객들이 이동하기에 편안한가요?,1,2024-02-04 15:58:47.094382+00,,이동성,3,2
363,112,"지하철 출입구는 미끄럼 등으로 인한 넘어짐, 혼잡상황 등으로 인한 위험을 방지할 수 있도록 구성되었나요?",1,2024-02-04 15:58:47.094382+00,,안전성,3,2
364,112,"지하철 출입구는 지하철 노선, 환승, 운행정보와 관련하여 통합적 안내시스템을 제공하나요? ",1,2024-02-04 15:58:47.094382+00,,정보제공성,3,2
365,112,지하철 출입구는장애인 등의 교통약자의 사용을 지원하기 위한 시설을 제공하고 있나요?,1,2024-02-04 15:58:47.094382+00,,포용성,3,2
366,112,지하철 출입구는 심미적으로 주변 환경과 조화를 이루도록 디자인 되었나요?,1,2024-02-04 15:58:47.094382+00,,심미성,3,2
367,113,관광안내소는 개방성을 확보하고 보행가로 및 주변 건축물에서 접근하기 편리한가요?,1,2024-02-04 15:58:47.094382+00,,접근성,3,2
368,113,관광안내소 주변은 장애물을 최소화하고 정보 확인을 위한 보행자들이 이동하기에 편안한가요?,1,2024-02-04 15:58:47.094382+00,,이동성,3,2
369,113,"관광안내소는  미끄럼, 혼잡상황 등으로 인한 위험을 방지할 수 있도록 구성되었나요?",1,2024-02-04 15:58:47.094382+00,,안전성,3,2
370,113,"관광안내소는 주변 관광정보를 통합적 안내하는 시스템을 제공하나요? ",1,2024-02-04 15:58:47.094382+00,,정보제공성,3,2
371,113,관광안내소는 장애인 등의 보행약자 지원과 다국어 사용을 통한 외국인 방문자를 지원하기 위한 시설을 제공하고 있나요?,1,2024-02-04 15:58:47.094382+00,,포용성,3,2
372,113,관광안내소는 심미적으로 주변 환경과 조화를 이루도록 디자인 되었나요?,1,2024-02-04 15:58:47.094382+00,,심미성,3,2
373,114,가로판매대는 개방성을 확보하고 보행가로 및 주변 건축물에서 접근하기 편리한가요?,1,2024-02-04 15:58:47.094382+00,,접근성,3,2
374,114,가로판매대 주변은 장애물을 최소화하고 방문자들이 이동하기에 편안한가요?,1,2024-02-04 15:58:47.094382+00,,이동성,3,2
375,114,"가로판매대는 미끄럼, 혼잡상황 등으로 인한 위험을 방지할 수 있도록 구성되었나요?",1,2024-02-04 15:58:47.094382+00,,안전성,3,2
376,114,"가로판매대는 판매 제품 및 관련정보를 통합적 안내하는 시스템을 제공하나요? ",1,2024-02-04 15:58:47.094382+00,,정보제공성,3,2
377,114,가로판매대는 장애인 등의 보행약자 지원과 다국어 사용을 통한 외국인 방문자를 지원하기 위한 시설을 제공하나요?,1,2024-02-04 15:58:47.094382+00,,포용성,3,2
378,114,가로판매대는 심미적으로 주변 환경과 조화를 이루도록 디자인 되었나요?,1,2024-02-04 15:58:47.094382+00,,심미성,3,2
379,115,"벤치는 개방성이 확보된 위치이며, 적절한 높이와 너비로 디자인 되었나요?",1,2024-02-04 15:58:47.094382+00,,접근성,3,2
380,115,벤치 주변은 장애물을 최소화해 보행자들이 벤치까지 이동하기에 편안한가요?,1,2024-02-04 15:58:47.094382+00,,이동성,3,2
381,115,"벤치는 날카로운 모서리, 금속부품, 파손 등으로 인한 위험을 방지하도록 관리되었나요?",1,2024-02-04 15:58:47.094382+00,,안전성,3,2
382,115,"벤치는 다음 벤치까지의 거리, 벤치 위치 등 주변의 정보를 제공하나요? ",1,2024-02-04 15:58:47.094382+00,,정보제공성,3,2
383,115,"벤치는 팔거리, 등받이, 점자표시, 점자블록 등의 보행약자를 지원하기 위한 시설을 제공하나요?",1,2024-02-04 15:58:47.094382+00,,포용성,3,2
384,115,벤치는 심미적으로 주변 환경과 조화를 이루도록 디자인 되었나요?,1,2024-02-04 15:58:47.094382+00,,심미성,3,2
385,116,파고라는 개방성을 확보하고 보행가로 및 횡단보도에서 접근하기 편리한가요?,1,2024-02-04 15:58:47.094382+00,,접근성,3,2
386,116,파고라 주변은 장애물을 최소화해 보행자들이 파고라까지 이동하기에 편안한가요?,1,2024-02-04 15:58:47.094382+00,,이동성,3,2
387,116,"파고라는 날카로운 모서리, 운행중 차량으로 인한 위험으로부터 안전한가요?",1,2024-02-04 15:58:47.094382+00,,안전성,3,2
388,116,파고라는 횡단보도 신호등 등 주변의 교통정보를 쉽게 확인할 수 있도록 지원하나요?,1,2024-02-04 15:58:47.094382+00,,정보제공성,3,2
389,116,파고라는 휠체어 사용 등 보행약자를 지원하기 위한 공간 또는 시설을 제공하나요?,1,2024-02-04 15:58:47.094382+00,,포용성,3,2
390,116,파고라는 심미적으로 주변 환경과 조화를 이루도록 디자인 되었나요?,1,2024-02-04 15:58:47.094382+00,,심미성,3,2
391,117,휴지통은 개방성이 확보된 위치에 있으며 적절한 높이와 너비로 디자인 되었나요?,1,2024-02-04 15:58:47.094382+00,,접근성,3,2
392,117,휴지통 주변은 장애물을 최소화해 보행자들이 휴지통까지 이동하기에 편안한가요?,1,2024-02-04 15:58:47.094382+00,,이동성,3,2
393,117,"휴지통은 날카로운 모서리, 오염, 화재 등으로 인한 위험을 방지하도록 관리되고 있나요?",1,2024-02-04 15:58:47.094382+00,,안전성,3,2
394,117,"휴지통은 쓰레기 종류, 분리수거 종류, 금연 등의 정보를 제공하나요? ",1,2024-02-04 15:58:47.094382+00,,정보제공성,3,2
395,117,"휴지통은 점자, 점자블록, 픽토그램 등의 보조수단을 적절히 사용했나요?",1,2024-02-04 15:58:47.094382+00,,포용성,3,2
396,117,휴지통은 심미적으로 주변 환경과 조화를 이루도록 디자인 되었나요?,1,2024-02-04 15:58:47.094382+00,,심미성,3,2
397,118,음수대는 개방성이 확보된 위치에 있으며 적절한 높이와 너비로 디자인 되었나요?,1,2024-02-04 15:58:47.094382+00,,접근성,3,2
398,118,음수대 주변은 장애물을 최소화해 보행자들이 음수대까지 이동하기에 편안하게 관리되고 있나요?,1,2024-02-04 15:58:47.094382+00,,이동성,3,2
399,118,"음수대는 미끄럼, 경로이탈 등으로 인한 이동의 위험을 방지할 수 있도록 관리되고 있나요?",1,2024-02-04 15:58:47.094382+00,,안전성,3,2
400,118,"음수대는 수질, 식용가능 여부 등의 정보를 제공하나요? ",1,2024-02-04 15:58:47.094382+00,,정보제공성,3,2
401,118,"음수대는 노인, 아이, 휠체어 사용자 등을 위한 소수사용자을 위한 시설지원과 점자블록, 픽토그램 등의 보조수단을 적절히 제공하나요?",1,2024-02-04 15:58:47.094382+00,,포용성,3,2
402,118,음수대는 심미적으로 주변 환경과 조화를 이루도록 디자인 되었나요?,1,2024-02-04 15:58:47.094382+00,,심미성,3,2
403,119,"공중화장실은 개방성이 확보되고, 보행가로 및 주변 건축물에서 접근하기 편리한가요?",1,2024-02-04 15:58:47.094382+00,,접근성,3,2
404,119,공중화장실 내부와 주변 보도는 사용자들이 이동하기에 편안하게 관리되고 있나요?,1,2024-02-04 15:58:47.094382+00,,이동성,3,2
405,119,공중화장실은 미끄럼 등으로 인한 사용중 위험을 방지하고 시설의 위생을 안전하게 관리하고 있나요?,1,2024-02-04 15:58:47.094382+00,,안전성,3,2
406,119,"공중화장실은 남/여/장애인/어린이 전용에 대한 정보를 쉽게 제공하나요? ",1,2024-02-04 15:58:47.094382+00,,정보제공성,3,2
407,119,"공중화장실은 노인, 아이, 휠체어 사용자, 외국인 등을 위한 시설지원과 픽토그램 등의 보조수단을 적절히 제공하나요?",1,2024-02-04 15:58:47.094382+00,,포용성,3,2
408,119,공중화장실은 심미적으로 주변 환경과 조화를 이루도록 디자인 되었나요?,1,2024-02-04 15:58:47.094382+00,,심미성,3,2
409,120,"가로수는 개방성이 확보되고, 보행가로 및 주변 건축물에서 접근하기 편리한가요?",1,2024-02-04 15:58:47.094382+00,,접근성,3,2
410,120,가로수는 보행자들의 이동을 방해하지 않도록 적당한 위치에 식재되었나요?,1,2024-02-04 15:58:47.094382+00,,이동성,3,2
411,120,가로수의 가지 또는 가로수 고정 시설은 보행자의 안전을 위해 적절하게 관리되고 있나요?,1,2024-02-04 15:58:47.094382+00,,안전성,3,2
412,120,가로수는 남/여/장애등/노약자에 상관없이 잘 알아볼 수 있나요?,1,2024-02-04 15:58:47.094382+00,,정보제공성,3,2
413,120,"가로수를 설명하는 시설은 점자, 픽토그램 등의 보조수단을 적절히 사용했나요?",1,2024-02-04 15:58:47.094382+00,,포용성,3,2
414,120,가로수는 심미적으로 주변 환경과 조화를 이루도록 디자인 되었나요?,1,2024-02-04 15:58:47.094382+00,,심미성,3,2
462,125,주차장의 진출입구는 얼마나 접근하기 편리한가요?,1,2025-01-10 02:40:58.92944+00,,접근성,5,3
463,125,주차장은 보행자가 다니기에 얼마나 안전한가요?,1,2025-01-10 02:40:58.92944+00,,안전성,5,3
464,125,"주차장에서 주요 건물, 정류소까지 얼마나 잘 연결되어 있나요?",1,2025-01-10 02:40:58.92944+00,,연결성,5,3
465,125,주차장은 자율주행차 전용 충전소를 설치하기에 충분한 공간이 확보되어있나요?,1,2025-01-10 02:40:58.92944+00,,유연성,5,3
466,125,주차장 내에 주차 안내 시스템은 잘 구축되어 있나요?,1,2025-01-10 02:40:58.92944+00,,편의성,5,3
467,125,차량(자율주행차 등)을 인식하는 센서 시스템이 잘 구축되어 있나요?,1,2025-01-10 02:40:58.92944+00,,기술 인프라,5,3
468,126,정류장은 접근하기에 얼마나 편리한가요?,1,2025-01-10 02:41:09.337118+00,,접근성,5,3
469,126,"정류장은 안전시설(가로등, CCTV) 등으로 충분히 안전한가요?",1,2025-01-10 02:41:09.337118+00,,안전성,5,3
470,126,정류장에서 다른 교통수단으로의 환승이 얼마나 편리한가요?,1,2025-01-10 02:41:09.337118+00,,연결성,5,3
471,126,정류장의 승하차 공간은 확장과 변경을 위해 충분히 공간이 확보되어있나요?,1,2025-01-10 02:41:09.337118+00,,유연성,5,3
472,126,정류장 내에 쉼터나 벤치 등 편의시설이 잘 갖춰져 있나요?,1,2025-01-10 02:41:09.337118+00,,편의성,5,3
473,126,정류장은 실시간 운행 정보를 지원하는 스마트 시스템이 잘 갖춰져 있나요?,1,2025-01-10 02:41:09.337118+00,,기술 인프라,5,3
474,127,횡단보도는 보행로에서 횡단보도로 접근하기 위해 적절한 위치에 있나요?,1,2025-01-10 02:41:14.619444+00,,접근성,5,3
475,127,"횡단보도는 신호등과 가로등의 설치, 도색 상태 등을 고려할때 충분히 안전한가요?",1,2025-01-10 02:41:14.619444+00,,안전성,5,3
476,127,횡단보도는 주변의 보행로와 잘 연결되어 있나요?,1,2025-01-10 02:41:14.619444+00,,연결성,5,3
477,127,횡단보도는 장애인 이동로 등을 고려해 확장하기에 얼마나 충분한 공간을 확보하고 있나요?,1,2025-01-10 02:41:14.619444+00,,유연성,5,3
478,127,횡단보도는 신호 및 보행자 정보 제공 시스템을 잘 갖추고 있나요?,1,2025-01-10 02:41:14.619444+00,,편의성,5,3
479,127,횡단보도에는 자율주행차를 감지하는 시스템(예: 차량 탐지 센서)등이 설치되어 있나요?,1,2025-01-10 02:41:14.619444+00,,기술 인프라,5,3
480,128,사인물(교통 및 안내)은 알아보기 쉽게 적절한 위치에 설치되어 있나요?,1,2025-01-10 02:41:20.000257+00,,접근성,5,3
481,128,사인물(교통 및 안내)은 야간에도 잘 보이고 손상 없이 안전한 상태를 잘 유지하고 있나요?,1,2025-01-10 02:41:20.000257+00,,안전성,5,3
482,128,사인물(교통 및 안내)은 교내외의 주요 경로와 건물 안내를 만족스럽게 제공하고 있나요?,1,2025-01-10 02:41:20.000257+00,,연결성,5,3
483,128,사인물(교통 및 안내)은 새로운 정보를 업데이트하거나 변경하기에 충분하게 편리한가요?,1,2025-01-10 02:41:20.000257+00,,유연성,5,3
484,128,"사인물(교통 및 안내)은 노약자, 어린이, 외국인 등 다양한 사용자를 잘 배려하고 있나요?",1,2025-01-10 02:41:20.000257+00,,편의성,5,3
485,128,사인물(교통 및 안내)은 디지털 표지판 등의 스마트 시스템을 잘 활용하고 있나요?,1,2025-01-10 02:41:20.000257+00,,기술 인프라,5,3
486,129,도로/보행로는 경계선/진입경로가 잘 보이게 표시되어 있나요?,1,2025-01-10 02:41:24.499481+00,,접근성,5,3
487,129,"차도, 경계석, 보행로는 파손이나 장애물이 없이 안전하게 잘 관리되고 있나요?",1,2025-01-10 02:41:24.499481+00,,안전성,5,3
488,129,도로/보행로는 주요 건물이나 서비스 구역으로 잘 연결되어 있나요?,1,2025-01-10 02:41:24.499481+00,,연결성,5,3
489,129,도로/보행로는 추후 구조를 확장하거나 변경하기에 충분히 유연한 상태인가요?,1,2025-01-10 02:41:24.499481+00,,유연성,5,3
490,129,도로/보행로는 보행자-자전거-차량간 이동에 불편이 없도록 충분히 구획되어 있나요?,1,2025-01-10 02:41:24.499481+00,,편의성,5,3
491,129,도로/보행로는 차량 감지 장치나 교통관련 데이터 시스템이 잘 설치되어 있나요?,1,2025-01-10 02:41:24.499481+00,,기술 인프라,5,3
492,130,승하차 구역은 차량 진입이나 승하차 구역이 명확하게 표시되어 있나요?,1,2025-01-10 02:41:30.321479+00,,접근성,5,3
493,130,승하차 구역은 승하차 시에 충돌을 방지하고 보행자를 보호할 수 있도록 충분히 안전한가요?,1,2025-01-10 02:41:30.321479+00,,안전성,5,3
494,130,승하차 구역은 주변의 주요 건물이나 교통시설로 쉽게 이동할 수 있도록 구성되어 있나요?,1,2025-01-10 02:41:30.321479+00,,연결성,5,3
495,130,승하차 공간은 긴급 차량의 수용 등을 위해 확장과 변경을 적용하기에 충분한가요?,1,2025-01-10 02:41:30.321479+00,,유연성,5,3
496,130,승하차 공간은 대기공간이나 쉼터가 충분히 확보되어 있나요?,1,2025-01-10 02:41:30.321479+00,,편의성,5,3
497,130,"승하차 구역은 차량(택시, 자율주행 등)의 호출 및 예약을 위한 시스템이 잘 구축되어 있나요?",1,2025-01-10 02:41:30.321479+00,,기술 인프라,5,3
498,131,건물 출입구는 주변 경로에서 접근하기에 편리한가요?,1,2025-01-10 02:41:34.23445+00,,접근성,5,3
499,131,건물 출입구의 주변은 안전장치나 조명이 적절히 설치되어 안전한가요?,1,2025-01-10 02:41:34.23445+00,,안전성,5,3
500,131,건물 출입구는 주변 정류장과 보행로와 자연스럽게 연결되어 있나요?,1,2025-01-10 02:41:34.23445+00,,연결성,5,3
501,131,건물 출입구는 추가 시설을 설치하거나 확장을 위해 충분한 공간을 확보하고 있나요?,1,2025-01-10 02:41:34.23445+00,,유연성,5,3
502,131,건물 출입구는 이용자들의 편의를 위해 대기 공간이나 안내정보를 정확하게 제공하고 있나요?,1,2025-01-10 02:41:34.23445+00,,편의성,5,3
503,131,"건물 출입구는 스마트 출입 관리 시스템(자동문, 얼굴 인식 등)이 잘 적용되고 있나요?",1,2025-01-10 02:41:34.23445+00,,기술 인프라,5,3
504,132,광장/휴게공간은 주변의 이동 경로나 출입구에서 이동하기에 쉽게 연결되어 있나요?,1,2025-01-10 02:41:38.048405+00,,접근성,5,3
505,132,"광장/휴게공간은 CCTV, 조명 등 안전 시설이 적절히 설치되어 충분히 안전한가요?",1,2025-01-10 02:41:38.048405+00,,안전성,5,3
506,132,광장/휴게공간은 주요 이동 경로나 정류소까지 이동하기 위해 자연스럽게 연결되어있나요?,1,2025-01-10 02:41:38.048405+00,,연결성,5,3
507,132,광장/휴게공간은 편의시설을 추가로 설치하거나 기존시설을 변경하기에 충분히 가능한 환경인가요?,1,2025-01-10 02:41:38.048405+00,,유연성,5,3
508,132,"광장/휴게공간은 벤치, 쉼터, 인터넷(wi-fi) 등의 편의를 제공하는 시스템이 잘 갖춰줘 있나요?",1,2025-01-10 02:41:38.048405+00,,편의성,5,3
509,132,"광장/휴게공간에는 스마트 캠퍼스를 위한 시스템(예: 차량 호출 패널, 스마트 벤치)이 충분히 설치되어 있나요?",1,2025-01-10 02:41:38.048405+00,,기술 인프라,5,3
510,145,"[접근성] 빈집 주변에 불법 주·정차, 적치물 등으로 인해 진입이 어려운 상황은 얼마나 심각하다고 생각하십니까?",1,2025-10-24 08:31:21.344846+00,,접근성,5,4
511,146,"[접근성] 빈집 주변에 불법 주·정차, 적치물 등으로 인해 진입이 어려운 상황은 얼마나 심각하다고 생각하십니까?",1,2025-10-24 08:31:21.344846+00,,접근성,5,4
512,147,"[접근성] 빈집 주변에 불법 주·정차, 적치물 등으로 인해 진입이 어려운 상황은 얼마나 심각하다고 생각하십니까?",1,2025-10-24 08:31:21.344846+00,,접근성,5,4
513,148,"[접근성] 빈집 주변에 불법 주·정차, 적치물 등으로 인해 진입이 어려운 상황은 얼마나 심각하다고 생각하십니까?",1,2025-10-24 08:31:21.344846+00,,접근성,5,4
514,145,[접근성] 빈집 인근 도로·보도·계단 등이 파손되거나 노후한 정도가 어느 정도로 심각하다고 생각하십니까?,1,2025-10-24 08:31:21.344846+00,,접근성,5,4
515,146,[접근성] 빈집 인근 도로·보도·계단 등이 파손되거나 노후한 정도가 어느 정도로 심각하다고 생각하십니까?,1,2025-10-24 08:31:21.344846+00,,접근성,5,4
516,147,[접근성] 빈집 인근 도로·보도·계단 등이 파손되거나 노후한 정도가 어느 정도로 심각하다고 생각하십니까?,1,2025-10-24 08:31:21.344846+00,,접근성,5,4
517,148,[접근성] 빈집 인근 도로·보도·계단 등이 파손되거나 노후한 정도가 어느 정도로 심각하다고 생각하십니까?,1,2025-10-24 08:31:21.344846+00,,접근성,5,4
518,145,[접근성] 빈집 주변에 단차가 많아 유모차나 휠체어 이동이 어려운 상황은 얼마나 심각하다고 생각하십니까?,1,2025-10-24 08:31:21.344846+00,,접근성,5,4
519,146,[접근성] 빈집 주변에 단차가 많아 유모차나 휠체어 이동이 어려운 상황은 얼마나 심각하다고 생각하십니까?,1,2025-10-24 08:31:21.344846+00,,접근성,5,4
520,147,[접근성] 빈집 주변에 단차가 많아 유모차나 휠체어 이동이 어려운 상황은 얼마나 심각하다고 생각하십니까?,1,2025-10-24 08:31:21.344846+00,,접근성,5,4
521,148,[접근성] 빈집 주변에 단차가 많아 유모차나 휠체어 이동이 어려운 상황은 얼마나 심각하다고 생각하십니까?,1,2025-10-24 08:31:21.344846+00,,접근성,5,4
522,145,"[접근성] 빈집에서 버스 정류장, 주차장 등에 접근하는 것이 얼마나 어렵다고 생각하십니까?",1,2025-10-24 08:31:21.344846+00,,접근성,5,4
523,146,"[접근성] 빈집에서 버스 정류장, 주차장 등에 접근하는 것이 얼마나 어렵다고 생각하십니까?",1,2025-10-24 08:31:21.344846+00,,접근성,5,4
524,147,"[접근성] 빈집에서 버스 정류장, 주차장 등에 접근하는 것이 얼마나 어렵다고 생각하십니까?",1,2025-10-24 08:31:21.344846+00,,접근성,5,4
525,148,"[접근성] 빈집에서 버스 정류장, 주차장 등에 접근하는 것이 얼마나 어렵다고 생각하십니까?",1,2025-10-24 08:31:21.344846+00,,접근성,5,4
526,145,[안전성] 울타리·담장의 부재 및 파손으로 출입 통제가 제대로 되지 않는 상태는 얼마나 심각하다고 생각하십니까?,1,2025-10-24 08:31:21.344846+00,,안전성,5,4
527,146,[안전성] 울타리·담장의 부재 및 파손으로 출입 통제가 제대로 되지 않는 상태는 얼마나 심각하다고 생각하십니까?,1,2025-10-24 08:31:21.344846+00,,안전성,5,4
528,147,[안전성] 울타리·담장의 부재 및 파손으로 출입 통제가 제대로 되지 않는 상태는 얼마나 심각하다고 생각하십니까?,1,2025-10-24 08:31:21.344846+00,,안전성,5,4
529,148,[안전성] 울타리·담장의 부재 및 파손으로 출입 통제가 제대로 되지 않는 상태는 얼마나 심각하다고 생각하십니까?,1,2025-10-24 08:31:21.344846+00,,안전성,5,4
530,145,"[안전성] 사람 드나든 흔적(담배꽁초·술병·쓰레기), 시야가 가려진 은신 공간 등 무단출입·불법행위가 있었거나 발생할 수 있음을 시사하는 상태는 얼마나 심각하다고 생각하십니까?",1,2025-10-24 08:31:21.344846+00,,안전성,5,4
531,146,"[안전성] 사람 드나든 흔적(담배꽁초·술병·쓰레기), 시야가 가려진 은신 공간 등 무단출입·불법행위가 있었거나 발생할 수 있음을 시사하는 상태는 얼마나 심각하다고 생각하십니까?",1,2025-10-24 08:31:21.344846+00,,안전성,5,4
532,147,"[안전성] 사람 드나든 흔적(담배꽁초·술병·쓰레기), 시야가 가려진 은신 공간 등 무단출입·불법행위가 있었거나 발생할 수 있음을 시사하는 상태는 얼마나 심각하다고 생각하십니까?",1,2025-10-24 08:31:21.344846+00,,안전성,5,4
533,148,"[안전성] 사람 드나든 흔적(담배꽁초·술병·쓰레기), 시야가 가려진 은신 공간 등 무단출입·불법행위가 있었거나 발생할 수 있음을 시사하는 상태는 얼마나 심각하다고 생각하십니까?",1,2025-10-24 08:31:21.344846+00,,안전성,5,4
534,145,[안전성] 야간 조명이 부족하거나 CCTV가 부재한 것으로 인한 해당 빈집 지역의 치안과 관련한 불안함이 어느 정도로 심각하다고 생각하십니까?,1,2025-10-24 08:31:21.344846+00,,안전성,5,4
535,146,[안전성] 야간 조명이 부족하거나 CCTV가 부재한 것으로 인한 해당 빈집 지역의 치안과 관련한 불안함이 어느 정도로 심각하다고 생각하십니까?,1,2025-10-24 08:31:21.344846+00,,안전성,5,4
536,147,[안전성] 야간 조명이 부족하거나 CCTV가 부재한 것으로 인한 해당 빈집 지역의 치안과 관련한 불안함이 어느 정도로 심각하다고 생각하십니까?,1,2025-10-24 08:31:21.344846+00,,안전성,5,4
537,148,[안전성] 야간 조명이 부족하거나 CCTV가 부재한 것으로 인한 해당 빈집 지역의 치안과 관련한 불안함이 어느 정도로 심각하다고 생각하십니까?,1,2025-10-24 08:31:21.344846+00,,안전성,5,4
538,145,"[안전성] 전선노출, 그을음, 파손된 전기·가스 계량기 등 화재 위험을 짐작할 수 있는 징후는 얼마나 심각하다고 생각하십니까?",1,2025-10-24 08:31:21.344846+00,,안전성,5,4
539,146,"[안전성] 전선노출, 그을음, 파손된 전기·가스 계량기 등 화재 위험을 짐작할 수 있는 징후는 얼마나 심각하다고 생각하십니까?",1,2025-10-24 08:31:21.344846+00,,안전성,5,4
540,147,"[안전성] 전선노출, 그을음, 파손된 전기·가스 계량기 등 화재 위험을 짐작할 수 있는 징후는 얼마나 심각하다고 생각하십니까?",1,2025-10-24 08:31:21.344846+00,,안전성,5,4
541,148,"[안전성] 전선노출, 그을음, 파손된 전기·가스 계량기 등 화재 위험을 짐작할 수 있는 징후는 얼마나 심각하다고 생각하십니까?",1,2025-10-24 08:31:21.344846+00,,안전성,5,4
542,145,[관리 및 위생] 해당 빈집 주변에 쓰레기·폐기물이 방치되어 악취나 해충을 유발할 가능성은 어느 정도로 심각하다고 생각하십니까?,1,2025-10-24 08:31:21.344846+00,,관리 및 위생,5,4
543,146,[관리 및 위생] 해당 빈집 주변에 쓰레기·폐기물이 방치되어 악취나 해충을 유발할 가능성은 어느 정도로 심각하다고 생각하십니까?,1,2025-10-24 08:31:21.344846+00,,관리 및 위생,5,4
544,147,[관리 및 위생] 해당 빈집 주변에 쓰레기·폐기물이 방치되어 악취나 해충을 유발할 가능성은 어느 정도로 심각하다고 생각하십니까?,1,2025-10-24 08:31:21.344846+00,,관리 및 위생,5,4
545,148,[관리 및 위생] 해당 빈집 주변에 쓰레기·폐기물이 방치되어 악취나 해충을 유발할 가능성은 어느 정도로 심각하다고 생각하십니까?,1,2025-10-24 08:31:21.344846+00,,관리 및 위생,5,4
546,145,[관리 및 위생] 구조물(울타리·담장·지붕)이 무너짐 또는 파손된 상태로 방치된 정도는 어느 정도로 심각하다고 생각하십니까?,1,2025-10-24 08:31:21.344846+00,,관리 및 위생,5,4
547,146,[관리 및 위생] 구조물(울타리·담장·지붕)이 무너짐 또는 파손된 상태로 방치된 정도는 어느 정도로 심각하다고 생각하십니까?,1,2025-10-24 08:31:21.344846+00,,관리 및 위생,5,4
548,147,[관리 및 위생] 구조물(울타리·담장·지붕)이 무너짐 또는 파손된 상태로 방치된 정도는 어느 정도로 심각하다고 생각하십니까?,1,2025-10-24 08:31:21.344846+00,,관리 및 위생,5,4
549,148,[관리 및 위생] 구조물(울타리·담장·지붕)이 무너짐 또는 파손된 상태로 방치된 정도는 어느 정도로 심각하다고 생각하십니까?,1,2025-10-24 08:31:21.344846+00,,관리 및 위생,5,4
550,145,[관리 및 위생] 창문·출입문·유리 파손으로 인한 안전·위생상의 위험은 어느 정도로 심각하다고 생각하십니까?,1,2025-10-24 08:31:21.344846+00,,관리 및 위생,5,4
551,146,[관리 및 위생] 창문·출입문·유리 파손으로 인한 안전·위생상의 위험은 어느 정도로 심각하다고 생각하십니까?,1,2025-10-24 08:31:21.344846+00,,관리 및 위생,5,4
552,147,[관리 및 위생] 창문·출입문·유리 파손으로 인한 안전·위생상의 위험은 어느 정도로 심각하다고 생각하십니까?,1,2025-10-24 08:31:21.344846+00,,관리 및 위생,5,4
553,148,[관리 및 위생] 창문·출입문·유리 파손으로 인한 안전·위생상의 위험은 어느 정도로 심각하다고 생각하십니까?,1,2025-10-24 08:31:21.344846+00,,관리 및 위생,5,4
554,145,[관리 및 위생] 건물 내부나 외벽에 곰팡이 발생 정도는 어느 정도로 심각하다고 생각하십니까?,1,2025-10-24 08:31:21.344846+00,,관리 및 위생,5,4
555,146,[관리 및 위생] 건물 내부나 외벽에 곰팡이 발생 정도는 어느 정도로 심각하다고 생각하십니까?,1,2025-10-24 08:31:21.344846+00,,관리 및 위생,5,4
556,147,[관리 및 위생] 건물 내부나 외벽에 곰팡이 발생 정도는 어느 정도로 심각하다고 생각하십니까?,1,2025-10-24 08:31:21.344846+00,,관리 및 위생,5,4
557,148,[관리 및 위생] 건물 내부나 외벽에 곰팡이 발생 정도는 어느 정도로 심각하다고 생각하십니까?,1,2025-10-24 08:31:21.344846+00,,관리 및 위생,5,4
558,145,[주변 환경과의 심미성] 빈집 외관이 파손되어 주변 경관을 해치는 상황은 얼마나 심각하다고 생각하십니까?,1,2025-10-24 08:31:21.344846+00,,주변 환경과의 심미성,5,4
559,146,[주변 환경과의 심미성] 빈집 외관이 파손되어 주변 경관을 해치는 상황은 얼마나 심각하다고 생각하십니까?,1,2025-10-24 08:31:21.344846+00,,주변 환경과의 심미성,5,4
560,147,[주변 환경과의 심미성] 빈집 외관이 파손되어 주변 경관을 해치는 상황은 얼마나 심각하다고 생각하십니까?,1,2025-10-24 08:31:21.344846+00,,주변 환경과의 심미성,5,4
561,148,[주변 환경과의 심미성] 빈집 외관이 파손되어 주변 경관을 해치는 상황은 얼마나 심각하다고 생각하십니까?,1,2025-10-24 08:31:21.344846+00,,주변 환경과의 심미성,5,4
562,145,"[주변 환경과의 심미성] 빈집 주변에 낙서, 불법광고물이 방치되어 있는 상황은 얼마나 심각하다고 생각하십니까?",1,2025-10-24 08:31:21.344846+00,,주변 환경과의 심미성,5,4
563,146,"[주변 환경과의 심미성] 빈집 주변에 낙서, 불법광고물이 방치되어 있는 상황은 얼마나 심각하다고 생각하십니까?",1,2025-10-24 08:31:21.344846+00,,주변 환경과의 심미성,5,4
564,147,"[주변 환경과의 심미성] 빈집 주변에 낙서, 불법광고물이 방치되어 있는 상황은 얼마나 심각하다고 생각하십니까?",1,2025-10-24 08:31:21.344846+00,,주변 환경과의 심미성,5,4
565,148,"[주변 환경과의 심미성] 빈집 주변에 낙서, 불법광고물이 방치되어 있는 상황은 얼마나 심각하다고 생각하십니까?",1,2025-10-24 08:31:21.344846+00,,주변 환경과의 심미성,5,4
566,145,[주변 환경과의 심미성] 빈집 주변의 녹지·조경 관리가 되지 않은 상황은 얼마나 심각하다고 생각하십니까?,1,2025-10-24 08:31:21.344846+00,,주변 환경과의 심미성,5,4
567,146,[주변 환경과의 심미성] 빈집 주변의 녹지·조경 관리가 되지 않은 상황은 얼마나 심각하다고 생각하십니까?,1,2025-10-24 08:31:21.344846+00,,주변 환경과의 심미성,5,4
568,147,[주변 환경과의 심미성] 빈집 주변의 녹지·조경 관리가 되지 않은 상황은 얼마나 심각하다고 생각하십니까?,1,2025-10-24 08:31:21.344846+00,,주변 환경과의 심미성,5,4
569,148,[주변 환경과의 심미성] 빈집 주변의 녹지·조경 관리가 되지 않은 상황은 얼마나 심각하다고 생각하십니까?,1,2025-10-24 08:31:21.344846+00,,주변 환경과의 심미성,5,4
570,145,[주변 환경과의 심미성] 빈집이 장기간 방치되어 지역 이미지를 저해하는 상황은 얼마나 심각하다고 생각하십니까?,1,2025-10-24 08:31:21.344846+00,,주변 환경과의 심미성,5,4
571,146,[주변 환경과의 심미성] 빈집이 장기간 방치되어 지역 이미지를 저해하는 상황은 얼마나 심각하다고 생각하십니까?,1,2025-10-24 08:31:21.344846+00,,주변 환경과의 심미성,5,4
572,147,[주변 환경과의 심미성] 빈집이 장기간 방치되어 지역 이미지를 저해하는 상황은 얼마나 심각하다고 생각하십니까?,1,2025-10-24 08:31:21.344846+00,,주변 환경과의 심미성,5,4
573,148,[주변 환경과의 심미성] 빈집이 장기간 방치되어 지역 이미지를 저해하는 상황은 얼마나 심각하다고 생각하십니까?,1,2025-10-24 08:31:21.344846+00,,주변 환경과의 심미성,5,4
574,145,"[재난 및 기후 취약성] 빈집 인근의 사면·옹벽·축대에 균열, 기울어짐, 토사 유실 등 산사태나 낙석 위험의 징후는 얼마나 심각하다고 생각하십니까?",1,2025-10-24 08:31:21.344846+00,,재난 및 기후 취약성,5,4
575,146,"[재난 및 기후 취약성] 빈집 인근의 사면·옹벽·축대에 균열, 기울어짐, 토사 유실 등 산사태나 낙석 위험의 징후는 얼마나 심각하다고 생각하십니까?",1,2025-10-24 08:31:21.344846+00,,재난 및 기후 취약성,5,4
576,147,"[재난 및 기후 취약성] 빈집 인근의 사면·옹벽·축대에 균열, 기울어짐, 토사 유실 등 산사태나 낙석 위험의 징후는 얼마나 심각하다고 생각하십니까?",1,2025-10-24 08:31:21.344846+00,,재난 및 기후 취약성,5,4
577,148,"[재난 및 기후 취약성] 빈집 인근의 사면·옹벽·축대에 균열, 기울어짐, 토사 유실 등 산사태나 낙석 위험의 징후는 얼마나 심각하다고 생각하십니까?",1,2025-10-24 08:31:21.344846+00,,재난 및 기후 취약성,5,4
578,145,[재난 및 기후 취약성] 지붕·외벽에 틈 파손이나 마감재 탈락이 있어 강풍·집중호우 시 빗물·바람이 실내로 유입될 수 있어 보이는 상태는 얼마나 심각하다고 생각하십니까?,1,2025-10-24 08:31:21.344846+00,,재난 및 기후 취약성,5,4
579,146,[재난 및 기후 취약성] 지붕·외벽에 틈 파손이나 마감재 탈락이 있어 강풍·집중호우 시 빗물·바람이 실내로 유입될 수 있어 보이는 상태는 얼마나 심각하다고 생각하십니까?,1,2025-10-24 08:31:21.344846+00,,재난 및 기후 취약성,5,4
580,147,[재난 및 기후 취약성] 지붕·외벽에 틈 파손이나 마감재 탈락이 있어 강풍·집중호우 시 빗물·바람이 실내로 유입될 수 있어 보이는 상태는 얼마나 심각하다고 생각하십니까?,1,2025-10-24 08:31:21.344846+00,,재난 및 기후 취약성,5,4
581,148,[재난 및 기후 취약성] 지붕·외벽에 틈 파손이나 마감재 탈락이 있어 강풍·집중호우 시 빗물·바람이 실내로 유입될 수 있어 보이는 상태는 얼마나 심각하다고 생각하십니까?,1,2025-10-24 08:31:21.344846+00,,재난 및 기후 취약성,5,4
582,145,[재난 및 기후 취약성] 배수로 또는 빗물받이 막힘으로 인한 빈집 근처의 물고임이 관찰되는 정도는 얼마나 심각하다고 생각하십니까?,1,2025-10-24 08:31:21.344846+00,,재난 및 기후 취약성,5,4
583,146,[재난 및 기후 취약성] 배수로 또는 빗물받이 막힘으로 인한 빈집 근처의 물고임이 관찰되는 정도는 얼마나 심각하다고 생각하십니까?,1,2025-10-24 08:31:21.344846+00,,재난 및 기후 취약성,5,4
584,147,[재난 및 기후 취약성] 배수로 또는 빗물받이 막힘으로 인한 빈집 근처의 물고임이 관찰되는 정도는 얼마나 심각하다고 생각하십니까?,1,2025-10-24 08:31:21.344846+00,,재난 및 기후 취약성,5,4
585,148,[재난 및 기후 취약성] 배수로 또는 빗물받이 막힘으로 인한 빈집 근처의 물고임이 관찰되는 정도는 얼마나 심각하다고 생각하십니까?,1,2025-10-24 08:31:21.344846+00,,재난 및 기후 취약성,5,4
586,145,"[재난 및 기후 취약성] 빈집에서 간판, 판넬, 타일, 비닐 등 바람에 날릴 수 있는 위험물이 느슨하게 고정되어 있는 정도는 얼마나 심각하다고 생각하십니까?",1,2025-10-24 08:31:21.344846+00,,재난 및 기후 취약성,5,4
587,146,"[재난 및 기후 취약성] 빈집에서 간판, 판넬, 타일, 비닐 등 바람에 날릴 수 있는 위험물이 느슨하게 고정되어 있는 정도는 얼마나 심각하다고 생각하십니까?",1,2025-10-24 08:31:21.344846+00,,재난 및 기후 취약성,5,4
588,147,"[재난 및 기후 취약성] 빈집에서 간판, 판넬, 타일, 비닐 등 바람에 날릴 수 있는 위험물이 느슨하게 고정되어 있는 정도는 얼마나 심각하다고 생각하십니까?",1,2025-10-24 08:31:21.344846+00,,재난 및 기후 취약성,5,4
589,148,"[재난 및 기후 취약성] 빈집에서 간판, 판넬, 타일, 비닐 등 바람에 날릴 수 있는 위험물이 느슨하게 고정되어 있는 정도는 얼마나 심각하다고 생각하십니까?",1,2025-10-24 08:31:21.344846+00,,재난 및 기후 취약성,5,4
590,145,[활용가능성] 빈집의 위치가 사람들이 자주 다니는 길목이나 마을 중심과 멀어 활용이 어렵다고 판단되는 정도는 얼마나 심각하다고 생각하십니까?,1,2025-10-24 08:31:21.344846+00,,활용가능성,5,4
591,146,[활용가능성] 빈집의 위치가 사람들이 자주 다니는 길목이나 마을 중심과 멀어 활용이 어렵다고 판단되는 정도는 얼마나 심각하다고 생각하십니까?,1,2025-10-24 08:31:21.344846+00,,활용가능성,5,4
592,147,[활용가능성] 빈집의 위치가 사람들이 자주 다니는 길목이나 마을 중심과 멀어 활용이 어렵다고 판단되는 정도는 얼마나 심각하다고 생각하십니까?,1,2025-10-24 08:31:21.344846+00,,활용가능성,5,4
593,148,[활용가능성] 빈집의 위치가 사람들이 자주 다니는 길목이나 마을 중심과 멀어 활용이 어렵다고 판단되는 정도는 얼마나 심각하다고 생각하십니까?,1,2025-10-24 08:31:21.344846+00,,활용가능성,5,4
594,145,"[활용가능성] 빈집 주변에 버스정류장, 편의점, 학교, 관공서 등과 같은 생활시설이 없어, 향후 빈집의 활용을 제한하는 정도는 얼마나 심각하다고 생각하십니까?",1,2025-10-24 08:31:21.344846+00,,활용가능성,5,4
595,146,"[활용가능성] 빈집 주변에 버스정류장, 편의점, 학교, 관공서 등과 같은 생활시설이 없어, 향후 빈집의 활용을 제한하는 정도는 얼마나 심각하다고 생각하십니까?",1,2025-10-24 08:31:21.344846+00,,활용가능성,5,4
596,147,"[활용가능성] 빈집 주변에 버스정류장, 편의점, 학교, 관공서 등과 같은 생활시설이 없어, 향후 빈집의 활용을 제한하는 정도는 얼마나 심각하다고 생각하십니까?",1,2025-10-24 08:31:21.344846+00,,활용가능성,5,4
597,148,"[활용가능성] 빈집 주변에 버스정류장, 편의점, 학교, 관공서 등과 같은 생활시설이 없어, 향후 빈집의 활용을 제한하는 정도는 얼마나 심각하다고 생각하십니까?",1,2025-10-24 08:31:21.344846+00,,활용가능성,5,4
598,145,"[활용가능성] 빈집 건물의 크기나 모양을 볼 때, 창고와 동아리 방과 같이 간단히 고쳐 쓰기 어렵다고 판단되는 정도는 얼마나 심각하다고 생각하십니까?",1,2025-10-24 08:31:21.344846+00,,활용가능성,5,4
599,146,"[활용가능성] 빈집 건물의 크기나 모양을 볼 때, 창고와 동아리 방과 같이 간단히 고쳐 쓰기 어렵다고 판단되는 정도는 얼마나 심각하다고 생각하십니까?",1,2025-10-24 08:31:21.344846+00,,활용가능성,5,4
600,147,"[활용가능성] 빈집 건물의 크기나 모양을 볼 때, 창고와 동아리 방과 같이 간단히 고쳐 쓰기 어렵다고 판단되는 정도는 얼마나 심각하다고 생각하십니까?",1,2025-10-24 08:31:21.344846+00,,활용가능성,5,4
601,148,"[활용가능성] 빈집 건물의 크기나 모양을 볼 때, 창고와 동아리 방과 같이 간단히 고쳐 쓰기 어렵다고 판단되는 정도는 얼마나 심각하다고 생각하십니까?",1,2025-10-24 08:31:21.344846+00,,활용가능성,5,4
602,145,"[활용가능성] 출입금지 및 위험 표지, 무단 적치, 분쟁 안내문, 심한 악취·해충 등 재사용을 가로막는 표식이나 징후가 향후 빈집의 활용을 제한하는 정도는 얼마나 심각하다고 생각하십니까?",1,2025-10-24 08:31:21.344846+00,,활용가능성,5,4
603,146,"[활용가능성] 출입금지 및 위험 표지, 무단 적치, 분쟁 안내문, 심한 악취·해충 등 재사용을 가로막는 표식이나 징후가 향후 빈집의 활용을 제한하는 정도는 얼마나 심각하다고 생각하십니까?",1,2025-10-24 08:31:21.344846+00,,활용가능성,5,4
604,147,"[활용가능성] 출입금지 및 위험 표지, 무단 적치, 분쟁 안내문, 심한 악취·해충 등 재사용을 가로막는 표식이나 징후가 향후 빈집의 활용을 제한하는 정도는 얼마나 심각하다고 생각하십니까?",1,2025-10-24 08:31:21.344846+00,,활용가능성,5,4
605,148,"[활용가능성] 출입금지 및 위험 표지, 무단 적치, 분쟁 안내문, 심한 악취·해충 등 재사용을 가로막는 표식이나 징후가 향후 빈집의 활용을 제한하는 정도는 얼마나 심각하다고 생각하십니까?",1,2025-10-24 08:31:21.344846+00,,활용가능성,5,4